순번,조회수,업무분류,업무분류명,등록일,수정일,제목,FAQ분류
554,10912,20023,전기사용:할인요금,2003-02-14,2018-08-07,1주택수가구 요금을 적용받고 있는데 가구수가 감소하면 어떻게 해야 합니까.,전기요금:전기요금 계산
229,3875,20100,전기사용:신규업무:공급방법/장소,2003-02-14,2019-02-11,고객이 임시공급설비 설치공사비를 부담하여 한전에서 임시공급설비를 시설하였을 경우의 임시공급설비의 유지·보수 책임한계점은 어떻게 됩니까.,전기사용:전기사용신청
535,20176,20100,전기사용:신규업무:공급방법/장소,2003-02-14,2018-08-07,"변압기공동이용(모자거래)이란 무엇이며, 요금계산은 어떻게 합니까.",전기사용:전기사용계약
117,4461,20100,전기사용:신규업무:공급방법/장소,2003-02-14,2018-08-07,공장을 새로 짓는데 옆 공장에서 변압기용량이 남는다고 하여 일부를 연결하여 같이 사용할 수 있습니까.,전기사용:전기사용계약
143,27540,20100,전기사용:신규업무:공급방법/장소,2003-02-14,2018-08-07,전기설비중 냉·난방기기가 있는데 계약전력은 어떻게 산정합니까.,전기사용:전기사용신청
150,16099,20100,전기사용:신규업무:공급방법/장소,2003-02-14,2018-08-07,고압으로 전기를 공급받고 있고 계약전력이 300kW인 공장입니다. 한전으로부터 최대수요전력이 높아 증설하라는 안내문을 받았는데 어떻게 조치해야 합니까.,전기사용:전기사용계약
153,6854,20100,전기사용:신규업무:공급방법/장소,2003-02-14,2018-08-07,임시전력 50kW를 신청하여 수전변압기를 설치하였습니다. 저압계량하고 싶은데 가능합니까.,전기사용:전기사용신청
115,6811,20100,전기사용:신규업무:공급방법/장소,2003-02-14,2018-08-07,주택을 헐고 새로 지으려고 하는데 임시전력을 별도로 신청하여 전기를 사용하여야 합니까.,전기사용:전기사용신청
116,2979,20100,전기사용:신규업무:공급방법/장소,2003-02-14,2018-08-07,"동일구내에 공장을 증축하려는데 임시전력을 신청하지 않고 기존구좌의 전기를 이용, 건물을 증축할 수 있습니까.",전기사용:전기사용신청
212,5726,20100,전기사용:신규업무:공급방법/장소,2003-02-14,2017-10-11,임시전력은 신규고객과 달리 고객에게 모든 시설부담금을 부담시키면서 왜 별도의 보증금까지 납부하라고 합니까.,전기사용:전기사용신청
217,3797,20100,전기사용:신규업무:공급방법/장소,2003-02-14,2017-10-11,저희 신축건물에 전기사용신청을 하였는데 지중배전지역으로 고시되었다하여 지중배전선로로 전기를 공급받으라고 합니다. 공중전선로로 전기를 공급받을 수 없습니까.,전기사용:전기사용신청
230,7111,20100,전기사용:신규업무:공급방법/장소,2003-02-14,2018-08-07,"임시전력 외선공사를 전기사용자가 시공할 경우 그 신청절차를 알려 주시고, 만일 활선공사가 수반될 경우에 활선공사는 한전에서 시공하여 줍니까.",전기사용:전기사용신청
591,4645,20100,전기사용:신규업무:공급방법/장소,2003-02-14,2018-08-07,일반용전기설비와 자가용전기설비의 각각의 대상에 대하여 알려 주세요.,전기사용:전기사용신청
431,5066,20100,전기사용:신규업무:공급방법/장소,2003-02-14,2018-08-07,상가부 공동주택인데 상점 및 주택을 구분하여 별도로 계량기를 달 수 있습니까.,전기사용:전기사용계약
432,8545,20100,전기사용:신규업무:공급방법/장소,2003-02-14,2018-08-07,"계약전력 1,500kW 이상인 건물(부동산임대업)에서 건물소유자는 1명이지만 층별로 계량기를 달 수 있습니까.",전기사용:전기사용계약
434,4374,20100,전기사용:신규업무:공급방법/장소,2003-02-14,2018-08-07,"다세대주택, 연립주택을 전문으로 건축하는 건설회사입니다. 주택을 준공하였으나 현재 미분양상태인데도 각호별로 계량기를 달 수 있습니까.",전기사용:전기사용신청
316,61961,20100,전기사용:신규업무:공급방법/장소,2003-02-14,2018-08-07,"계약전력별 계량기 용량 선정은 어떻게 하며, 계약전력 증설시 계량기를 교환해야 합니까.",전기사용:전기사용신청
189,3742,20100,전기사용:신규업무:공급방법/장소,2003-02-14,2018-08-07,행사장용으로 단 며칠만 임시전력을 사용하고 싶습니다. 계량기를 설치하지 않고 전기요금을 계산할 수 있는 방법이 없습니까.,전기사용:전기사용신청
419,4218,20100,전기사용:신규업무:공급방법/장소,2003-02-14,2018-08-07,현재 옆건물에서 전기를 빌려 사용하고 있는데 가두판매대에도 계량기를 별도로 달아 전기를 사용할 수 있습니까.,전기사용:전기사용신청
421,2306,20100,전기사용:신규업무:공급방법/장소,2003-02-14,2018-08-07,가구제조공장을 등록하고 건물을 임차한 후 건축물관리대장을 열람하니 건축물 용도가 축사로 되어 있습니다. 전기공급이 가능한지요.,전기사용:전기사용신청
427,6095,20100,전기사용:신규업무:공급방법/장소,2003-02-14,2018-08-07,전기사용에 있어 한전과의 수급지점이 있다는데 수급지점에 대하여 자세히 알고 싶습니다.,전기사용:전기사용신청
428,7703,20100,전기사용:신규업무:공급방법/장소,2003-02-14,2018-08-07,주택신축 현장에서 전기를 사용하려는데 이웃집 전기를 연결사용하여도 됩니까.,전기사용:전기사용신청
429,3946,20100,전기사용:신규업무:공급방법/장소,2003-02-14,2018-08-07,엘리베이터가 있는 6층 사무실임대용 빌딩을 신축하였는데 층별로 계량기를 달 수 있습니까.,전기사용:전기사용신청
144,2424,20100,전기사용:신규업무:공급방법/장소,2003-02-14,2018-08-07,수중전동기는 일반전동기와 다른 방법으로 계약전력을 산정한다고 하는데 구체적으로 말씀하여 주십시오.,전기사용:전기사용신청
145,6609,20100,전기사용:신규업무:공급방법/장소,2003-02-14,2018-08-07,신축건물에 고압으로 전기를 공급받고자 변압기를 설치하였는데 변압기용량 표시가 두가지로 표시되어 있습니다. 변압기설비로 계약하고 싶은데 이 경우 계약전력은 어떻게 됩니까.,전기사용:전기사용신청
151,5003,20100,전기사용:신규업무:공급방법/장소,2003-02-14,2018-08-07,"계약전력이 40,000kW를 초과하는 대단위 공장을 건립하려고 하는데 154,000V로 전기를 공급받아야 한다고 합니다. 22,900V-y로 공급받을 수 있는 방법은 없습니까.",전기사용:전기사용신청
152,7920,20100,전기사용:신규업무:공급방법/장소,2003-02-14,2018-08-07,1Ø2W 220V를 공급받고 있는 식당에 3Ø에어콘을 설치하고 싶은데 에어컨용 계량기를 별도로 부착할 수 있습니까.,전기사용:전기사용신청
420,1880,20100,전기사용:신규업무:공급방법/장소,2003-02-14,2018-08-07,나대지에 쓰레기처리장을 건립하고자 하는데 처리장내 조그마한 하천이 흐르고 있습니다. 이 경우 1계량으로 전기를 공급받을 수 있습니까.,전기사용:전기사용신청
279,8304,20100,전기사용:신규업무:공급방법/장소,2003-02-14,2018-08-07,"저압, 특별고압이 있다고 하는데 어떻게 구분하는지 말씀하여 주십시오.",전기사용:전기사용신청
518,214400,20100,전기사용:신규업무:공급방법/장소,2003-02-14,2018-08-07,계량기 하나로 여러 집이 전기를 사용하다 보니 세입자들과 전기요금 때문에 분쟁이 있습니다. 각각 한전 계량기를 달아 전기요금 청구서를 가구별로 받으려면 어떻게 하면 됩니까.,전기설비:계량기 관련
146,1552,20100,전기사용:신규업무:공급방법/장소,2003-02-14,2018-08-07,한발시의 양수를 목적으로 관정을 설치하였습니다. 전동기 명판에 3Ø으로 표시되어 있는데 단상으로 공급받을 수 없습니까.,전기사용:전기사용신청
509,19348,20100,전기사용:신규업무:공급방법/장소,2003-02-14,2018-08-07,아파트 전기사용계약 방법에 대하여 알려주세요.,전기사용:전기사용계약
338,9832,20100,전기사용:신규업무:공급방법/장소,2003-02-14,2018-08-07,전기공급약관의 적용구역은 어떻게 됩니까.,전기사용:전기사용계약
147,9060,20100,전기사용:신규업무:공급방법/장소,2003-02-14,2018-08-07,대형음식점인데 냉장고와 에어콘설비 등 전기사용설비용량이 130kW 정도 됩니다. 저압으로 공급받을 수 있습니까.,전기사용:전기사용신청
514,23225,20101,전기사용:신규업무:신청방법,2003-02-14,2018-08-07,전기사용신청이 취소되었는데 다시 신청할 경우 전기사용신청서 및 구비서류를 새로 제출해야 합니까.,전기사용:전기사용신청
102,1931,20101,전기사용:신규업무:신청방법,2003-02-14,2018-08-07,특수사용설비(전기용접기 등)의 전기사용 신청절차에 대해 알려주십시오.,전기사용:전기사용신청
1476,2816,20101,전기사용:신규업무:신청방법,2015-10-22,2018-08-07,태양광 발전을 하려고 하는데 절차가 어떻게 되나요.,전기사용:전기사용신청
220,2326,20101,전기사용:신규업무:신청방법,2003-02-14,2018-08-07,공장을 이전하였는데 전기설비를 옮겨서 계속 사용할 수 있는지요.,전기사용:전기사용계약
508,207474,20101,전기사용:신규업무:신청방법,2003-02-14,2018-08-07,전기를 새로 사용(신설)하려고 하는데 어떻게 해야 합니까.,전기사용:전기사용신청
515,17928,20101,전기사용:신규업무:신청방법,2003-02-14,2018-08-07,건축물 관련 증빙서류가 없거나 무허가건물인 경우 전기사용신청은 어떻게 합니까.,전기사용:전기사용신청
513,9664,20101,전기사용:신규업무:신청방법,2003-02-14,2018-08-07,전기사용신청후에 사정에 의하여 취소하려면 어떻게 해야 하나요. 또한 납부한 시설부담금은 환불받을 수 있나요.,전기사용:전기사용신청
512,12503,20102,전기사용:신규업무:구비서류,2003-02-14,2018-08-07,전기사용신청후에 사정상 신청내용을 변경하고자 하면 어떻게 해야 합니까.,전기사용:전기사용신청
511,10229,20103,전기사용:신규업무:처리일정,2003-02-14,2018-08-07,전기사용신청을 했는데 건물준공이 늦어져 전기사용개시일을 연기하려면 어떻게 해야 합니까.,전기사용:전기사용신청
507,58369,20103,전기사용:신규업무:처리일정,2003-02-14,2018-08-07,전기사용신청을 하면 며칠안에 전기를 공급받을 수 있습니까.,전기사용:전기사용신청
167,8635,20104,전기사용:신규업무:보증금,2003-02-14,2018-08-07,임시전력을 사용하고 있는 빌딩공사장인데 계약전력을 3kW/10kW로 증설할 경우 추가로 보증금을 납부하여야 합니까.,전기사용:전기사용신청
131,5310,20104,전기사용:신규업무:보증금,2003-02-14,2018-08-07,임시전력을 해지하고 상시전력을 수전하는 경우 납부한 임시전력 보증금을 환불받으려면 어떻게 해야 합니까.,전기사용:전기사용신청
211,8170,20104,전기사용:신규업무:보증금,2003-02-14,2017-10-11,임시전력 신청고객입니다. 보증금을 현금예치 대신 이행보증보험 증권으로 제출하고 싶은데 보험내용을 어떻게 기재하여야 합니까.,전기사용:전기사용신청
577,15116,20104,전기사용:신규업무:보증금,2003-02-14,2017-01-03,"보증금 납부대상, 금액, 보증기간, 환불에 대해서 자세히 알고 싶습니다.",전기사용:전기사용신청
578,14613,20104,전기사용:신규업무:보증금,2003-02-14,2018-08-07,임시전력 사용시 납부하는 보증금은 어떻게 산정합니까.,전기사용:전기사용신청
231,12527,20105,전기사용:신규업무:시설부담금,2003-02-14,2018-08-07,건축공사용 임시전력공급설비 설치에 따른 시설부담금을 전기사용자가 전액 부담하고 준공 후 상시전력 시설부담금도 부담하게 하면 고객은 이중으로 부담하는 것이 아닙니까.,전기사용:전기사용신청
623,6019,20105,전기사용:신규업무:시설부담금,2003-02-18,2018-08-07,공급설비를 변경하는 경우 고객부담 시설부담금은 어떻게 산정합니까.,전기사용:전기사용신청
228,21521,20105,전기사용:신규업무:시설부담금,2003-02-14,2017-10-11,건설공사장에 전기가 필요하여 임시전력을 사용하고 싶은데 임시공급설비를 한전에서 시설하여 줄 경우 고객부담시설부담금은 어떻게 산정합니까.,전기사용:전기사용신청
233,8578,20105,전기사용:신규업무:시설부담금,2003-02-14,2018-08-07,공중 특고압(계약전력 300kW)으로 전기를 공급받고 있는 공장인데 사업이 부진하여 저압 70kW로 줄이고 싶습니다. 납부하여야 할 시설부담금은 얼마입니까.,전기사용:전기사용신청
235,18101,20105,전기사용:신규업무:시설부담금,2003-02-14,2018-08-07,단상 220V로 공급받고 있는 영업장입니다. 삼상 380V 대형 냉장고를 설치하여 계약전력 변경없이 공급방식을 변경하고 싶은데 시설부담금은 어떻게 산정합니까.,전기사용:전기사용신청
594,43820,20105,전기사용:신규업무:시설부담금,2003-02-14,2018-08-07,고객부담시설부담금 정산대상과 방법에 대하여 알고 싶습니다.,전기사용:전기사용신청
592,7101,20105,전기사용:신규업무:시설부담금,2003-02-14,2018-08-07,고객부담 시설부담금의 적용 종류는 어떤 것이 있으며 어떻게 산정합니까.,전기사용:전기사용신청
242,3904,20105,전기사용:신규업무:시설부담금,2003-02-14,2018-08-07,지중화 확정지역에서의 저압 신규사용 신청시 시설부담금은 어떻게 산정합니까.,전기사용:전기사용신청
244,14135,20105,전기사용:신규업무:시설부담금,2003-02-14,2018-08-07,표준시설부담금 단가조정은 어떤 경우에 합니까.,전기사용:전기사용신청
245,2734,20105,전기사용:신규업무:시설부담금,2003-02-14,2018-08-07,새로 지은 빌딩에 이미 시설되어 있는 한전소유의 관로를 이용하여 전기를 공급받고 싶은데 고객부담시설부담금을 납부하여야 합니까.,전기사용:전기사용신청
240,2305,20105,전기사용:신규업무:시설부담금,2003-02-14,2018-08-07,저희 마을에서 논으로 개간한 산에 한해 대책용 관정을 집단으로 신청하고 싶은데 이 경우 거리시설부담금 산정은 어떻게 합니까.,전기사용:전기사용신청
241,9578,20105,전기사용:신규업무:시설부담금,2003-02-14,2018-08-07,새로 지은 건물이 지중화공급지역입니다. 저압 30kW 정도의 전기가 필요한데 시설부담금은 어떻게 산정합니까.,전기사용:전기사용신청
237,23358,20105,전기사용:신규업무:시설부담금,2003-02-14,2018-08-07,전기 신규사용 신청시 고객이 원하는 장소까지 일반 전기사업자인 한전부담으로 전기설비를 가설하여야 할 것으로 생각하는데 왜 고객이 시설부담금을 부담하여야 합니까.,전기사용:전기사용신청
647,3832,20105,전기사용:신규업무:시설부담금,2003-02-24,2018-08-07,일반공급설비란 무엇이며 이 경우 고객부담금 산정은 어떻게 합니까.,전기사용:전기사용신청
243,2102,20105,전기사용:신규업무:시설부담금,2003-02-14,2018-08-07,"공장규모가 대단위여서 154,000V로 전기를 공급받고 싶은데 이 경우 고객부담시설부담금은 어떻게 산정합니까.",전기사용:전기사용신청
942,4356,20105,전기사용:신규업무:시설부담금,2006-07-12,2018-08-07,현금으로 시설부담금을 납부했는데 현금영수증 발행이 됩니까.,전기사용:전기사용신청
141,6901,20105,전기사용:신규업무:시설부담금,2003-02-14,2018-08-07,현재 사용하고 있는 동력구좌를 해지신청하면 전기사용신청 당시에 한전에 납부한 시설부담금은 환불해 줍니까.,전기사용:전기사용신청
236,5533,20105,전기사용:신규업무:시설부담금,2003-02-14,2018-08-07,공장에 세를 들어 저압 단상 10kW 신규사용 신청을 하였는데 사정상 저압 20kW로 변경 신청하고 싶습니다. 한전에서 이미 변압기 설치공사를 완료한 경우 고객부담시설부담금은 어떻게 산정합니까.,전기사용:전기사용신청
593,2753,20105,전기사용:신규업무:시설부담금,2003-02-14,2018-08-07,고객부담시설부담금이 일시 납부하기에는 부담이 되어 분할 납부하고 싶은데 가능한지요.,전기사용:전기사용신청
595,10674,20107,전기사용:신규업무:사용전점검,2003-02-14,2018-08-07,일반용 전기설비의 사용전점검 대상 및 절차에 대해 알려주세요.,전기설비:전기공급설비
246,2525,20107,전기사용:신규업무:사용전점검,2003-02-14,2018-08-08,사용전 검사시 고객이 준비해야할 사항으로 고압이상 전기기계 기구의 시험성적서는 구체적으로 무엇을 말하는 것인지요.,전기설비:전기공급설비
223,7726,20108,전기사용:신규업무:전기공사업체,2003-02-14,2017-10-18,새로 지은 주택의 전기공사는 어떻게 해야 합니까.,전기사용:전기사용신청
253,10502,20108,전기사용:신규업무:전기공사업체,2003-02-14,2018-08-07,주택을 신축하여 전기내선공사를 하고 있는 건축주입니다. 계량기까지 들어오는 배선은 한전에서 공사를 해줘야 될 것 같은데 건축주가 공사를 해야 하는 것이 사실인가요.,전기사용:전기사용신청
423,2517,20109,전기사용:신규업무:기타,2003-02-14,2018-08-07,전기사용에 관한 전기사용계약 성립시기는 최초 전기사용 개시일로 결정하는지 그 기준을 알고 싶습니다.,전기사용:전기사용계약
334,6054,20109,전기사용:신규업무:기타,2003-02-14,2018-08-07,"태풍, 집중호우 등으로 재난을 당한 이재민 고객들에게 전기요금 납기일을 연장하여 준 것은 한국전력공사가 전기공급약관 준수의무를 스스로 위배한 것이 아닙니까.",전기사용:전기사용계약
337,7444,20109,전기사용:신규업무:기타,2003-02-14,2018-08-07,전기공급약관에 명시되어 있지 아니한 사항은 어떻게 결정합니까.,전기사용:전기사용계약
426,3745,20109,전기사용:신규업무:기타,2003-02-14,2018-08-07,외국에서 제조기기를 도입하였는데 사용전압이 전기공급약관에 규정된 전기공급전압 이외 전압입니다. 기기사용전압과 일치된 공급전압으로 전기를 공급받을 수 없습니까.,전기사용:전기사용신청
530,4522,20109,전기사용:신규업무:기타,2003-02-14,2018-08-07,예비전력이란 무엇입니까.,전기사용:계약종별 안내
335,24289,20109,전기사용:신규업무:기타,2003-02-14,2018-08-07,전기공급약관은 한국전력공사 내부제정규정인데 전기사용자에게 불리한 조건으로 강제준수하게 하는 것은 전기사업 독점성을 이용한 횡포가 아닌가요.,전기사용:전기사용계약
336,6968,20109,전기사용:신규업무:기타,2003-02-14,2018-08-07,전기공급약관의 제정이나 개정은 어떤 절차로 만들어집니까.,전기사용:전기사용계약
510,404573,20110,전기사용:영업일반:고객정보변경,2003-02-14,2018-08-07,전기사용자 명의변경은 어떻게 해야 합니까.,전기사용:전기사용계약
104,3886,20110,전기사용:영업일반:고객정보변경,2003-02-14,2018-08-07,부친의 사망으로 상속받은 주택의 경우 전기도 전화처럼 새로 사용신청을 하여야 합니까.,전기사용:전기사용신청
550,161329,20110,전기사용:영업일반:고객정보변경,2003-02-14,2018-08-07,"매매, 임대차 등에 의한 이사로 전기 사용자가 바뀌는 경우 명의변경 및 전기요금 정산은 어떻게 하나요.",전기사용:전기사용계약
708,4727,20110,전기사용:영업일반:고객정보변경,2003-05-26,2017-09-15,이메일청구서상 고객명이 실제와 다르게 나옵니다. 수정은 어떻게 하면 되나요.,전기요금:청구서(인터넷빌링)
417,7569,20110,전기사용:영업일반:고객정보변경,2003-02-14,2018-08-07,사업자등록증 사본 제출요청서를 받은 공장입니다. 한전에 사업자등록증 사본을 제출하지 않으면 어떻게 됩니까.,전기사용:전기사용신청
975,1524,20111,전기사용:영업일반:계약종별변경,2006-10-02,2018-08-07,자동차관리법에 의한 폐차장은 현재 기타사업으로 산업용전력을 적용받고 있는데 자동차정비업체에 대해서도 산업용요금을 적용할 수 없습니까.,전기사용:계약종별 안내
1002,4948,20111,전기사용:영업일반:계약종별변경,2006-10-10,2018-08-07,아파트 구내도로에 설치된 조명등은 가로등 요금을 적용받고 있는데 지하주차장 조명등도 가로등 요금을 적용받을 수 있습니까.,전기사용:계약종별 안내
1082,5264,20111,전기사용:영업일반:계약종별변경,2006-10-13,2018-08-07,산업용전력 적용대상 기타사업이란 무엇입니까.,전기사용:계약종별 안내
548,46825,20111,전기사용:영업일반:계약종별변경,2003-02-14,2018-08-07,주택용전력의 적용 대상 및 전기요금은 어떻게 됩니까.,전기사용:계약종별 안내
158,3902,20111,전기사용:영업일반:계약종별변경,2003-02-14,2018-08-07,논 일부를 밭으로 개조한 곳에 한해 대책용으로 설치되어 있는 관정을 같이 사용할 경우 계속 농사용전력(갑) 계약종별을 적용받을 수 있습니까.,전기사용:계약종별 안내
161,1603,20111,전기사용:영업일반:계약종별변경,2003-02-14,2018-08-07,상수도 수압이 낮은 고지대 동네에 상수도 가압장을 설치하여 급수하려고 합니다. 이 경우 급수시설의 계약종별은 무엇입니까.,전기사용:계약종별 안내
163,3483,20111,전기사용:영업일반:계약종별변경,2003-02-14,2018-08-07,홍수조절용 배수펌프장인데 배수펌프모터 추가설치로 계약전력을250kW에서 500kW로 증설하였습니다. 산업용전력(을)로 적용받을 수 없습니까.,전기사용:계약종별 안내
531,73285,20111,전기사용:영업일반:계약종별변경,2003-02-14,2018-08-07,일반용전력 적용 대상 및 전기요금은 어떻게 됩니까.,전기사용:계약종별 안내
112,5396,20111,전기사용:영업일반:계약종별변경,2003-02-14,2018-08-07,근린생활시설(상점부주택)로 허가받은 건물입니다. 일반용전력을 적용받을 수 있습니까.,전기사용:계약종별 안내
111,8491,20111,전기사용:영업일반:계약종별변경,2003-02-14,2018-08-07,민박을 하려고 하는데 주택용전력을 일반용으로 변경할 수 있습니까.,전기사용:계약종별 안내
113,131714,20111,전기사용:영업일반:계약종별변경,2003-02-14,2019-07-01,장사를 하는데 주택용전력으로 되어 있어 요금부담이 많습니다. 일반용으로 적용받을 수 없습니까.,전기사용:계약종별 안내
656,3440,20111,전기사용:영업일반:계약종별변경,2003-03-01,2018-08-07,행정관서의 허가를 받고 정식 등록된 음악미술학원입니다. 교육용으로 적용 받을 수 없습니까.,전기사용:계약종별 안내
110,24101,20111,전기사용:영업일반:계약종별변경,2003-02-14,2018-08-07,재택사업자인데 주택용 누진제 때문에 전기요금이 너무 많이 나옵니다. 일반용 전기요금을 적용할 수 없나요.,전기사용:계약종별 안내
969,1232,20111,전기사용:영업일반:계약종별변경,2006-10-02,2018-08-07,축산산업 발전도모를 위해 현재 산업용이 적용되는 도축장에 대해 농사용전력을 적용할 수 없습니까.,전기사용:계약종별 안내
160,5589,20111,전기사용:영업일반:계약종별변경,2003-02-14,2018-08-07,과수원에 주거용 관리사를 지었습니다. 현재 공급받고 있는 농사용전력으로 계속 사용할 수 있습니까.,전기사용:계약종별 안내
970,3939,20111,전기사용:영업일반:계약종별변경,2006-10-02,2018-08-07,현재 농작물 저온보관 시설은 농사용이 적용되고 있는데 수산물 냉장 (저온보관) 시설에 대해서도 농사용전력을 적용할 수 없습니까.,전기사용:계약종별 안내
966,1286,20111,전기사용:영업일반:계약종별변경,2006-10-02,2018-08-07,"지자체로부터 위탁받은 청소년직업체험센터로서 대안학교 성격인 작업장 학교를 개교하여 영상, 디자인, 음악 등 다양한 분야의 문화예술 활동을 지원, 교육하고 있는데 교육용전력을 적용받을 수 있습니까.",전기사용:계약종별 안내
164,3665,20111,전기사용:영업일반:계약종별변경,2003-02-14,2018-08-07,공업고등학교인데 산업용전력 적용이 가능합니까.,전기사용:계약종별 안내
162,1622,20111,전기사용:영업일반:계약종별변경,2003-02-14,2018-08-07,"공장에서 좀 떨어진 곳에 양수장을 설치하여 부족한 공업용수를 보충하고 싶은데, 공장 전기는 사용이 불가능하여 별도로 전기를 사용하여야 합니다. 이 경우 계약종별은 무엇입니까.",전기사용:계약종별 안내
103,5376,20111,전기사용:영업일반:계약종별변경,2003-02-14,2018-08-07,아파트에서 주민이 공동으로 사용하는 오수정화시설 및 상수도가압설비는 어떤 계약종별에 해당됩니까.,전기사용:계약종별 안내
1021,927,20111,전기사용:영업일반:계약종별변경,2006-10-10,2018-08-07,21세기 고부가가치 핵심산업인 영상산업의 국제경쟁력 강화를 위해 영화필름 복제업에 대해 산업용 요금을 적용받을 수 없습니까.,전기사용:계약종별 안내
1041,1247,20111,전기사용:영업일반:계약종별변경,2006-10-11,2018-08-07,지역단위 작목반에서 감귤의 크기를 가리는 선과장을 운영하고 있습니다.감귤 선과장에 대해 농사용 요금을 적용받을 수 있습니까.,전기사용:계약종별 안내
961,2691,20111,전기사용:영업일반:계약종별변경,2006-10-02,2018-08-07,"백화점, 업무용 건물 등 민간시설의 야관경관 조명시설에도 가로등 요금을 적용받을 수 있습니까.",전기사용:계약종별 안내
963,950,20111,전기사용:영업일반:계약종별변경,2006-10-02,2018-08-07,"전문매장, 인공 빙벽ㆍ암벽 등의 시설을 갖춘 복합등산레저 문화센터로서 빙벽 및 암벽교실을 운영하고 있는데 교육용전력을 적용받을 수 있습니까.",전기사용:계약종별 안내
965,1524,20111,전기사용:영업일반:계약종별변경,2006-10-02,2018-08-07,소외계층 아동을 대상으로 지역아동센터를 운영하고 있는데 영유아 보육시설과 같이 교육용전력을 적용받을 수 있습니까.,전기사용:계약종별 안내
964,898,20111,전기사용:영업일반:계약종별변경,2006-10-02,2018-08-07,학점인정 등에 관한 법률에 의해 학습과정의 평가 인정을 받은 육군보병학교에 대해 교육용전력을 적용받을 수 있습니까.,전기사용:계약종별 안내
1081,7407,20111,전기사용:영업일반:계약종별변경,2006-10-13,2018-08-07,계약종별 결정 원칙은 무엇입니까.,전기사용:계약종별 안내
114,6349,20111,전기사용:영업일반:계약종별변경,2003-02-14,2017-10-11,"공장과 사택이 함께 있는 경우 사택의 계약종별은 주택용입니까, 산업용입니까.",전기사용:계약종별 안내
621,87039,20111,전기사용:영업일반:계약종별변경,2003-02-18,2018-08-07,계약종별을 변경하려면 어떻게 해야 합니까.,전기사용:계약종별 안내
976,2490,20111,전기사용:영업일반:계약종별변경,2006-10-02,2018-08-07,"오수처리시설, 수질오염방지시설 등은 현재 기타사업으로 산업용전력을 적용받고 있습니다. 고속도로상의 터널에 설치된 환기시설은 쾌적한 대기환경을 제공하고 터널내 화재시 소방설비의 기능을 하는 공익 시설인데 산업용요금을 적용할 수 없습니까.",전기사용:계약종별 안내
977,923,20111,전기사용:영업일반:계약종별변경,2006-10-02,2018-08-07,지역경제 활성화와 국가경쟁력 제고를 위해 전체 항만물류시설에 대해 산업용요금을 적용할 수 없습니까.,전기사용:계약종별 안내
1004,990,20111,전기사용:영업일반:계약종별변경,2006-10-10,2018-08-07,청소년 육성이라는 공익 목적을 수행하는 청소년수련시설에 대해 교육용 요금을 적용받을 수 있습니까.,전기사용:계약종별 안내
967,951,20111,전기사용:영업일반:계약종별변경,2006-10-02,2018-08-07,지자체 조례에 의해 설립한 학생외국어교육원에 대해 교육용전력을 적용할 수 있습니까.,전기사용:계약종별 안내
968,1848,20111,전기사용:영업일반:계약종별변경,2006-10-02,2018-08-07,농업용수를 공급하는 저수지의 수질 개선을 위한 녹조류 제거용 산소공급 분수시설(고사분수)에 대해 농사용전력을 적용할 수 있습니까.,전기사용:계약종별 안내
1003,6141,20111,전기사용:영업일반:계약종별변경,2006-10-10,2018-08-07,농사용 관정에 대해서는 농사용 요금을 적용받고 있는데 농사용 목적 이외에 생활용수 공급 겸용으로 이용하는 관정에 대해서도 농사용 요금을 적용받을 수 있습니까.,전기사용:계약종별 안내
169,6027,20111,전기사용:영업일반:계약종별변경,2003-02-14,2018-08-07,공장을 신축하는데 전기가 필요합니다. 공장건설용 전기는 임시전력으로 사용하여야 한다고 하는데 공장가동에 필요한 수전설비를 미리 갖추어 사용할 경우 산업용전력을 적용받을 수 없습니까.,전기사용:계약종별 안내
156,2130,20111,전기사용:영업일반:계약종별변경,2003-02-14,2018-08-07,돼지를 사육하고 있는 축사인데 행정관청으로부터 오수정화시설을 설치하라는 통고를 받았습니다. 오수정화시설에 별도로 계량기를 달아 전기를 사용할 경우 계약종별은 무엇입니까.,전기사용:계약종별 안내
529,50039,20111,전기사용:영업일반:계약종별변경,2003-02-14,2018-08-07,산업용전력의 적용 대상 및 전기요금은 어떻게 됩니까.,전기사용:계약종별 안내
168,3625,20111,전기사용:영업일반:계약종별변경,2003-02-14,2018-08-07,유원지에서 음식점을 경영하고 있는데 여름철만 장사를 하고 휴업을 합니다. 임시전력을 신청하여 전기를 사용할 수 없습니까.,전기사용:계약종별 안내
1001,1431,20111,전기사용:영업일반:계약종별변경,2006-10-10,2018-08-07,"양곡생산을 위한 양수, 배수 펌프에 사용하는 전력에 농사용(갑)을 적용하고 있는데, 도시 및 취락지 재해예방용 배수펌프장에는 농사용(갑)요금을 적용할 수 없습니까.",전기사용:계약종별 안내
525,96286,20111,전기사용:영업일반:계약종별변경,2003-02-14,2018-08-07,주택용전력을 일반용으로 일반용전력을 주택용으로 변경하려면 어떻게 해야 합니까.,전기사용:계약종별 안내
524,41099,20111,전기사용:영업일반:계약종별변경,2003-02-14,2018-08-07,계약종별이란 무엇입니까.,
532,18231,20111,전기사용:영업일반:계약종별변경,2003-02-14,2018-08-07,임시전력의 적용대상은 무엇입니까.,전기사용:계약종별 안내
527,15120,20111,전기사용:영업일반:계약종별변경,2003-02-14,2018-08-07,농사용전력의 적용대상 및 기준은 무엇입니까.,전기사용:계약종별 안내
971,1456,20111,전기사용:영업일반:계약종별변경,2006-10-02,2018-08-07,청정 계곡수 및 지하수를 이용하는 담수어 양어장을 운영하고 있습니다. 현재 농사용(을)이 적용되고 있는데 농사용(갑) 요금을 적용받을 수 없습니까.,전기사용:계약종별 안내
526,9722,20111,전기사용:영업일반:계약종별변경,2003-02-14,2018-08-07,교육용전력의 적용 대상 및 전기요금은 어떻게 됩니까.,전기사용:계약종별 안내
139,3676,20113,전기사용:영업일반:전부해지,2003-02-14,2018-08-07,삼상동력구좌와 단상구좌로 계량기가 2개 달려있습니다. 이번에 업종이 변경되어 삼상동력구좌를 해지하고 싶은데 신청절차·소요기일을 알려주세요.,전기사용:전기사용계약
107,3642,20113,전기사용:영업일반:전부해지,2003-02-14,2018-08-07,"도시계획 등에 의해 집이 철거되는 경우 전기 해지 방법, 해지확인서 발급 방법 등을 알려주세요.",전기사용:전기사용계약
313,5863,20113,전기사용:영업일반:전부해지,2003-02-14,2018-08-07,몇 년째 사용하지 않고 있던 소형기계 관정용 계량기가 없어져서 알아보았더니 한전에서 철거하였다고 합니다. 주인의사도 물어보지 않고 그럴 수 있습니까.,전기사용:전기사용계약
140,10900,20113,전기사용:영업일반:전부해지,2003-02-14,2018-08-07,건물주가 임대인의 동의 없이 일방적으로 전기사용을 해지할 수 있나요.,전기사용:전기사용계약
135,2921,20113,전기사용:영업일반:전부해지,2003-02-14,2018-08-07,건축법 위반 건축물이라 하여 행정기관으로부터 시정명령을 받았는데 곧 단전된다는 얘기를 들었습니다. 단전 처리는 어떻게 됩니까.,전기사용:전기사용계약
138,5303,20113,전기사용:영업일반:전부해지,2003-02-14,2018-08-07,몇 년 전에 농촌 농가주택을 구입하였습니다. 올여름 휴가차 방문하였을 때 전기가 들어오지 않아 확인하여 보니 계량기가 없었습니다. 전기요금은 기본요금밖에 되지 않아 옆집에서 대신 납부하였는데 사용자 동의 없이 해지가 가능한지요.,전기사용:전기사용계약
148,27813,20114,전기사용:영업일반:일부해지,2003-02-14,2018-08-07,고압으로 수전하고 있는 공장인데 전기가 남아 돌아 계약전력을 줄이고 싶습니다. 이 경우 기본요금 경감효과가 있습니까.,전기사용:전기사용계약
523,249942,20114,전기사용:영업일반:일부해지,2003-02-14,2018-08-07,"계약전력을 변경(증설, 감소) 하려면 어떻게 해야 합니까.",전기사용:전기사용계약
149,8828,20114,전기사용:영업일반:일부해지,2003-02-14,2018-08-07,근린생활시설로서 일반용전력 요금을 적용받고 있습니다. 여름철이 지나 에어콘 사용이 불필요하여 계약전력을 줄이고 싶은데 가능한지요.,전기사용:전기사용계약
109,7386,20115,전기사용:영업일반:휴지,2003-02-14,2018-08-07,작년에 휴지한 농사용 전력을 다시 공급받고자 하는데 어떻게 해야 합니까.,전기사용:전기사용계약
521,10486,20115,전기사용:영업일반:휴지,2003-02-14,2018-08-07,휴업 등의 사유로 일시적으로 전기 공급을 중지(휴지)할 수 있습니까.,전기사용:전기사용계약
136,2504,20116,전기사용:영업일반:재공급,2003-02-14,2018-08-07,설비변상금 미납으로 전기공급이 정지되었는데 변상금을 납부하면 전기공급이 며칠만에 됩니까.,전기사용:전기사용계약
520,80625,20116,전기사용:영업일반:재공급,2003-02-14,2018-08-07,전기사용 계약을 해지하거나 재사용하려면 어떻게 해야 하나요.,전기사용:전기사용계약
424,20501,20118,전기사용:영업일반:기타,2003-02-14,2018-08-07,전기사용계약서에 `계약기간을 전기사용계약(변경) 성립일로부터 요금적용개시일 이후의 1년이 되는 날까지로 한다`고 되어 있는데 그렇다면 1년후 다시 전기사용 계약을 체결하여야 합니까.,전기사용:전기사용계약
418,10187,20118,전기사용:영업일반:기타,2003-02-14,2018-08-07,전기사용에 관하여 한전에 직접 내방하지 않고 전화나 구두로 신청할 수 있는 것은 어떤 내용들입니까.,전기사용:전기사용신청
307,32269,20119,전기사용:계기일반:계기시험/고장,2003-02-14,2017-10-11,전기를 사용하지 않는데 계량기가 돌아갑니다. 고장이 아닙니까.,전기설비:계량기 관련
308,10710,20119,전기사용:계기일반:계기시험/고장,2003-02-14,2018-08-08,전기를 사용해도 계량기가 돌아가지 않는데 어떻게 해야 합니까.,전기설비:계량기 관련
603,15689,20120,전기사용:계기일반:계기교환,2003-02-14,2018-08-07,노후 계량기 교환 및 계량기 이설 신청은 어떻게 하나요.,전기설비:계량기 관련
309,5552,20120,전기사용:계기일반:계기교환,2003-02-14,2018-08-08,계량기에서 소리가 크게 나는데 교환해 줄 수 있습니까.,전기설비:계량기 관련
183,13175,20120,전기사용:계기일반:계기교환,2003-02-14,2018-08-08,가정집인데 지난달에 계량기 실효라 하여 계량기를 교환하였습니다. 그런데 이달 전기요금이 갑자기 많이 나왔습니다. 계량기를 바꾸면 전기요금이 많이 나옵니까.,전기설비:계량기 관련
320,7666,20120,전기사용:계기일반:계기교환,2003-02-14,2018-08-08,전기설비 증감에 따른 전력량계 교환은 어떤 절차를 밟아야 합니까.,전기설비:계량기 관련
315,6244,20121,전기사용:계기일반:계기이설/재봉인,2003-02-14,2018-08-08,계량기는 어느 곳에 설치하여야 합니까.,전기설비:계량기 관련
314,8694,20121,전기사용:계기일반:계기이설/재봉인,2003-02-14,2018-08-08,계량기 봉인이 떨어졌는데 어떻게 해야 합니까.,전기설비:계량기 관련
310,30723,20121,전기사용:계기일반:계기이설/재봉인,2003-02-14,2018-08-08,계량기가 집안에 달려 있어 대문 밖으로 옮겼으면 하는데 어떻게 해야 합니까 .,전기설비:계량기 관련
311,8542,20121,전기사용:계기일반:계기이설/재봉인,2003-02-14,2018-08-08,집수리(개축) 관계로 계량기를 옮겨야 하는데 한전에 신청하면 됩니까.,전기설비:계량기 관련
306,7284,20122,전기사용:계기일반:계기도난/파손,2003-02-14,2018-08-07,계량기가 소손되었다 하여 교환하였는데 계기변상금을 고객이 부담해야 하나요.,전기설비:계량기 관련
318,6910,20123,전기사용:계기일반:계기함교체,2003-02-14,2018-08-08,주택을 새로 지어 전기를 공급받았는데 내선전기공사업체의 공사비 청구내역을 보니 계기함 가액도 포함되어 있습니다. 계기함은 전력량계를 보호하기 위한 부속장치인데 한전에서 시설하여 주는 것이 아닙니까.,전기설비:계량기 관련
186,6331,20126,전기사용:계기일반:기타,2003-02-14,2018-08-07,전력량계의 오차 및 공차에 대하여 알고 싶습니다.,전기설비:계량기 관련
323,10723,20126,전기사용:계기일반:기타,2003-02-14,2018-08-08,현재 한전에서 인정하고 있는 최대수요전력계의 측정시한은 몇분계 계기입니까.,전기설비:계량기 관련
105,6314,20126,전기사용:계기일반:기타,2003-02-14,2018-08-08,"고압용 계기 설치는 누가 하며, 비용 부담은 누가 합니까.",전기설비:계량기 관련
321,5768,20126,전기사용:계기일반:기타,2003-02-14,2018-08-08,시간대구분계기와 전자식계기의 설치 대상에 대하여 말씀하여 주십시오.,전기설비:계량기 관련
127,7285,20127,전기사용:할인요금:1주택수가구,2003-02-14,2018-08-07,1주택수가구 요금을 적용받고 있는데 계약기간(1년)이 지나면 재신청해야 합니까.,전기요금:전기요금 할인
555,237589,20127,전기사용:할인요금:1주택수가구,2003-02-14,2018-08-07,한집에 여러 가구가 살고 있으면 전기요금 혜택이 있다고 들었는데 어떻게 하면 됩니까. (1주택수가구 신청),전기요금:전기요금 할인
101,4815,20127,전기사용:할인요금:1주택수가구,2003-02-14,2018-08-07,가구수 과다추징금이란 무엇입니까.,전기요금:전기요금 계산
761,9484,20127,전기사용:할인요금:1주택수가구,2003-12-23,2018-08-07,1주택수가구 가구수 변동을 하려면 어떻게 하나요.,전기요금:전기요금 할인
1103,1399,20128,전기사용:할인요금:복지할인,2007-01-17,2018-08-07,여러장소의 사회복지시설을 운영하는데 1개의 신고증으로 신청이 가능한가요.,전기요금:전기요금 할인
1126,2993,20128,전기사용:할인요금:복지할인,2007-01-17,2018-08-07,영유아보육법에 따른 영유아보육시설은 사회복지 할인 대상에 적용됩니까.,전기요금:전기요금 할인
826,18628,20128,전기사용:할인요금:복지할인,2004-04-02,2018-08-07,장애인 할인의 경우 왜 주거용만 대상이 되나요.,전기요금:전기요금 할인
827,306693,20128,전기사용:할인요금:복지할인,2004-04-02,2019-01-07,전기요금 복지할인 대상 범위와 선정기준은 무엇입니까.,
841,25914,20128,전기사용:할인요금:복지할인,2004-04-06,2019-07-01,왜 장애의 정도가 심하지 않은 장애인은 적용이 안되나요. 장애인 전기요금 할인 대상을 확대할 계획은 있습니까. 있다면 언제부터입니까.,전기요금:전기요금 할인
1365,6484,20128,전기사용:할인요금:복지할인,2008-07-07,2018-08-07,차상위계층은 전기요금 할인제도가 있나요.,전기요금:전기요금 할인
1121,21732,20128,전기사용:할인요금:복지할인,2007-01-11,2018-08-07,전기요금 할인이 적용되는 사회복지시설의 범위를 알려주십시오.,전기요금:전기요금 할인
1123,17041,20128,전기사용:할인요금:복지할인,2007-01-12,2018-08-07,장애인이면서 기초생활수급자인 경우 중복하여 할인이 적용되나요.,전기요금:전기요금 할인
825,42272,20128,전기사용:할인요금:복지할인,2004-04-02,2019-07-01,장애인에 대한 전기요금 할인제도 도입배경과 내용은 무엇입니까.,전기요금:전기요금 할인
831,69251,20128,전기사용:할인요금:복지할인,2004-04-02,2018-08-07,주민센터에 전기요금 복지할인을 신청하면 안되나요.,전기요금:전기요금 할인
834,84722,20128,전기사용:할인요금:복지할인,2004-04-02,2018-08-07,1주택수가구의 경우 전기요금 복지할인이 적용되나요.,전기요금:전기요금 할인
1399,57399,20129,전기사용:할인요금:대가족요금,2009-12-22,2018-08-07,3자녀가구 전기요금 할인제도는 무엇입니까.,전기요금:전기요금 할인
1398,92055,20129,전기사용:할인요금:대가족요금,2009-12-22,2018-08-07,대가족요금제란 무엇이며 어떻게 신청합니까.,전기요금:전기요금 할인
1493,11421,20137,요금:요금제도:기본요금제도,2017-09-13,2018-08-07,출산가구 할인대상과 신청방법은 어떻게 되나요.,전기요금:전기요금 할인
544,119728,20137,요금:요금제도:기본요금제도,2003-02-14,2018-08-08,전기요금 기본요금은 무엇이고 어떻게 계산합니까.,전기요금:전기요금 계산
1105,3291,20138,요금:요금제도:계절/시간대별요금제,2007-01-17,2018-08-08,"계시별 요금제에 대한 계절, 시간대별 구분은 어떻게 되나요.",전기요금:전기요금 계산
546,20962,20139,요금:요금제도:선택요금제,2003-02-14,2018-08-08,부하율별 선택요금제란 무엇입니까.,전기요금:전기요금 계산
471,87351,20140,요금:요금제도:주택용누진제,2003-02-14,2018-08-08,주택용 전기요금에만 누진제를 적용하는 이유는 무엇입니까.,전기요금:전기요금 계산
545,37630,20140,요금:요금제도:주택용누진제,2003-02-14,2019-07-01,주택용 전기요금의 누진 구조에 대해 알고 싶습니다.,
199,54112,20141,요금:요금제도:아파트요금제도,2003-02-14,2018-08-07,주택용전력 고압요금이란 무엇입니까.,전기요금:전기요금 계산
196,34792,20141,요금:요금제도:아파트요금제도,2003-02-14,2019-07-01,"아파트 전체가 1구좌로 한전과 계약되어 있다고 하여 전기요금을 관리비와 함께 관리사무실에서 청구하고 있는데, 아파트의 전기요금은 어떻게 계산하는지 알고 싶습니다.",전기요금:전기요금 계산
203,5797,20142,요금:요금제도:역률요금,2003-02-14,2018-08-07,모자거래로 전기를 공급받고 있는 상가입니다. 오배수시설 및 상수도가압설비는 자고객으로 하여 저압계량하고 있는데 이 경우 자고객의 역률은 어떻게 계산합니까.,전기요금:전기요금 계산
556,34072,20142,요금:요금제도:역률요금,2003-02-14,2018-08-07,역률이란 무엇이며 어떻게 계산합니까.,전기요금:전기요금 계산
202,3435,20142,요금:요금제도:역률요금,2003-02-14,2018-08-07,공장설비 증가로 저압에서 특별고압으로 공급방식을 변경하였습니다. 이달의 역률 적용은 저압과 특별고압으로 구분하여 적용합니까.,전기요금:전기요금 계산
1440,1304,20143,요금:요금제도:계약종별요금,2012-10-31,2018-08-07,비주거용 주택용전력 전기요금은 어떻게 적용됩니까.,전기요금:전기요금 계산
469,19266,20145,요금:요금제도:기타,2003-02-14,2018-08-08,전압별 요금제란 무엇입니까.,전기요금:전기요금 계산
185,13907,20146,요금:검침:사용량,2003-02-14,2018-08-07,종합계약아파트 고객인데 한전계량기 사용량과 보조계량기 사용량 합계가 다른 경우에는 어떻게 해야 합니까.,전기설비:계량기 관련
106,20206,20146,요금:검침:사용량,2003-02-14,2018-08-07,보조계량기의 사용량 합계와 한전계량기의 사용량이 차이가 나는데 왜 그렇습니까.,전기설비:계량기 관련
125,8643,20146,요금:검침:사용량,2003-02-14,2018-08-07,사용량이 당월지침보다 많은 것은 어떤 경우입니까.,전기요금:검침 관련
606,22366,20146,요금:검침:사용량,2003-02-14,2018-08-07,"보조계량기를 설치하려면 어떻게 해야 하며, 검침 및 고장수리 등은 어떻게 합니까.",전기설비:계량기 관련
605,26725,20148,요금:검침:검침방법,2003-02-14,2018-08-07,"계량기 검침은 누가, 언제 하며, 집을 비운 경우에는 어떻게 검침하나요.",전기요금:검침 관련
325,4078,20148,요금:검침:검침방법,2003-02-14,2018-08-07,전기검침 미실시 안내문을 받았는데 어떻게 해야 합니까.,전기요금:검침 관련
184,2969,20148,요금:검침:검침방법,2003-02-14,2018-08-07,한전 변전소에서 직거래하는 공장입니다. 이달 전기요금 청구서상의 사용량이 공장내 부설되어 있는 전력량계로 검침한 사용량보다 훨씬 많이 나왔는데 그 원인은 무엇입니까.,전기요금:전기요금 계산
130,4485,20153,요금:요금청구:청구서송달,2003-02-14,2017-09-15,농사용(갑) 3kW로 전기를 사용하는데 청구서는 언제 나오나요.,전기요금:청구서(인터넷빌링)
575,52060,20153,요금:요금청구:청구서송달,2003-02-14,2017-09-15,전기요금 청구서를 받지 못했거나 분실한 경우 어떻게 합니까.,전기요금:청구서(인터넷빌링)
576,81689,20153,요금:요금청구:청구서송달,2003-02-14,2017-10-11,전기요금 청구서의 이름(또는 호수)이 다른데 우리 것이 맞는지 어떻게 확인합니까.,전기요금:청구서(인터넷빌링)
1473,752,20153,요금:요금청구:청구서송달,2015-02-12,2017-10-11,어르신 맞춤형 청구서란 무엇이고 어떻게 신청하나요.,전기요금:청구서(인터넷빌링)
711,61946,20155,요금:요금청구:이메일/모바일청구,2003-05-26,2017-09-15,아파트 관리비에 전기요금이 같이 청구되고 있어 고객번호를 모릅니다. 인터넷빌링(이메일청구서) 가입은 어떻게 하나요.,전기요금:청구서(인터넷빌링)
712,7162,20155,요금:요금청구:이메일/모바일청구,2003-05-26,2017-09-15,이메일청구서는 언제 발행되나요.,전기요금:청구서(인터넷빌링)
718,3840,20155,요금:요금청구:이메일/모바일청구,2003-05-26,2018-08-07,인터넷빌링(이메일청구서)을 오늘 신청하면 언제부터 청구서를 이메일로 받게되나요.,전기요금:청구서(인터넷빌링)
586,68394,20155,요금:요금청구:이메일/모바일청구,2003-02-14,2017-09-15,인터넷빌링(이메일청구서)에 가입하려면 어떻게 해야 하나요.,전기요금:청구서(인터넷빌링)
589,26022,20155,요금:요금청구:이메일/모바일청구,2003-02-14,2017-09-15,인터넷빌링(이메일청구서)을 해지하고 청구서를 지로로 받고 싶습니다.,전기요금:청구서(인터넷빌링)
1482,483,20155,요금:요금청구:이메일/모바일청구,2016-03-04,2017-10-11,법인사업자는 카카오페이 청구서를 받을 수 없나요.,전기요금:청구서(인터넷빌링)
1485,480,20155,요금:요금청구:이메일/모바일청구,2016-03-04,2017-09-15,카카오페이 청구서에는 어떤 내역이 포함되나요.,전기요금:청구서(인터넷빌링)
710,34631,20155,요금:요금청구:이메일/모바일청구,2003-05-26,2017-09-15,이사를 가게 되었는데 이메일청구서를 계속 받아보려면 어떻게 해야 하나요.,전기요금:청구서(인터넷빌링)
1484,900,20155,요금:요금청구:이메일/모바일청구,2016-03-04,2017-09-15,카카오페이 청구서를 받으면 전기요금 납부일 이전에도 안내가 되나요.,전기요금:청구서(인터넷빌링)
1488,655,20155,요금:요금청구:이메일/모바일청구,2016-03-04,2017-09-15,카카오페이 청구서 납부내역 확인은 어떻게 하나요.,전기요금:청구서(인터넷빌링)
714,3079,20155,요금:요금청구:이메일/모바일청구,2003-05-26,2017-09-15,인터넷빌링(이메일청구서) 서비스를 받고 있는 회사를 바꾸고 싶습니다. 어떻게 하면 되나요.,전기요금:청구서(인터넷빌링)
1492,483,20155,요금:요금청구:이메일/모바일청구,2016-03-04,2017-09-15,카카오페이 청구서 서비스 고객센터로는 어떻게 연락하나요.,전기요금:청구서(인터넷빌링)
1489,482,20155,요금:요금청구:이메일/모바일청구,2016-03-04,2017-09-15,카카오페이 청구서 거래내역서를 출력하고 싶어요. 어디서 볼 수 있나요.,전기요금:청구서(인터넷빌링)
1491,617,20155,요금:요금청구:이메일/모바일청구,2016-03-04,2017-09-15,청구서를 더 이상 카카오톡으로 받고 싶지 않습니다.,전기요금:청구서(인터넷빌링)
719,2853,20155,요금:요금청구:이메일/모바일청구,2003-05-26,2017-09-15,전기요금을 이메일로 받고 있는데 어느 업체에 가입을 했는지 모르겠습니다. 확인방법은 없나요.,전기요금:청구서(인터넷빌링)
561,97531,20155,요금:요금청구:이메일/모바일청구,2003-02-14,2017-09-15,세금계산서를 발급받으려면 어떻게 해야 합니까.,전기요금:청구서(인터넷빌링)
1480,482,20155,요금:요금청구:이메일/모바일청구,2016-03-04,2017-09-15,`카카오페이 청구서` 신청시 기존 청구서는 어떻게 되나요.,전기요금:청구서(인터넷빌링)
1477,701,20155,요금:요금청구:이메일/모바일청구,2016-03-04,2017-09-15,카카오페이 청구서 서비스가 무엇인가요.,전기요금:청구서(인터넷빌링)
1486,497,20155,요금:요금청구:이메일/모바일청구,2016-03-04,2017-09-15,카카오페이 청구서에서 `요금 납부`도 가능한가요.,전기요금:청구서(인터넷빌링)
1479,1225,20155,요금:요금청구:이메일/모바일청구,2016-03-04,2017-09-15,자동이체 고객도 카카오페이 청구서를 신청할 수 있나요.,전기요금:청구서(인터넷빌링)
1483,488,20155,요금:요금청구:이메일/모바일청구,2016-03-04,2017-09-15,카카오톡 청구서 메신저 발신은 어디서 하나요.,전기요금:청구서(인터넷빌링)
1478,780,20155,요금:요금청구:이메일/모바일청구,2016-03-04,2017-09-15,`카카오페이 청구서` 신청은 어디서 해야하나요.,전기요금:청구서(인터넷빌링)
1481,571,20155,요금:요금청구:이메일/모바일청구,2016-03-04,2017-09-15,카카오페이 청구서 신청시 사전에 준비해야하는 정보가 있나요.,전기요금:청구서(인터넷빌링)
587,31184,20155,요금:요금청구:이메일/모바일청구,2003-02-14,2017-09-15,인터넷빌링(이메일청구서)을 신청했는데 이메일청구서가 안옵니다.,전기요금:청구서(인터넷빌링)
715,3489,20155,요금:요금청구:이메일/모바일청구,2003-05-26,2018-08-07,인터넷빌링(이메일청구서)을 신청하려고 하니 이미 가입된 고객이라고 나옵니다. 어떻게 확인하나요.,전기요금:청구서(인터넷빌링)
588,21164,20155,요금:요금청구:이메일/모바일청구,2003-02-14,2017-10-11,청구서를 받는 이메일 주소를 바꾸려면 어떻게 해야 합니까.,전기요금:청구서(인터넷빌링)
187,13060,20156,"요금:요금청구:청구내역/소액,종합",2003-02-14,2018-08-07,계량기 하나로 다섯 업체가 전기를 사용하는 상가인데 기본요금은 어떻게 나누어야 합니까.,전기요금:전기요금 계산
562,10530,20156,"요금:요금청구:청구내역/소액,종합",2003-02-14,2018-08-07,요금적용전력이란 무엇입니까.,전기요금:전기요금 계산
549,300168,20156,"요금:요금청구:청구내역/소액,종합",2003-02-14,2019-07-01,전기기기를 매달 변동없이 사용하는데 갑자기 전기요금이 많이 나오는 이유는 무엇입니까.,전기요금:전기요금 계산
901,4003,20156,"요금:요금청구:청구내역/소액,종합",2005-08-30,2017-09-15,이번달 전기요금이 소액이어서 합산청구되었다고 하는데 `소액요금 합산청구` 가 무엇입니까.,전기요금:청구서(인터넷빌링)
194,3614,20156,"요금:요금청구:청구내역/소액,종합",2003-02-14,2017-10-11,신규로 전기를 공급받았는데 청구서가 약 두달만에 나와 한꺼번에 전기요금이 청구된 것 같습니다. 이 경우 전기요금은 어떻게 계산합니까.,전기요금:전기요금 계산
193,3879,20156,"요금:요금청구:청구내역/소액,종합",2003-02-14,2018-08-07,상수도 및 오수처리 시설을 저압계량으로 하여 모자거래(변압기공동이용)를 하고 있는 경우 모계량에 대한 전기요금은 어떻게 계산합니까.,전기요금:전기요금 계산
563,36511,20157,요금:요금청구:전력산업기반기금,2003-02-14,2018-08-07,전력산업기반기금이 무엇입니까.,전기요금:전기요금 계산
565,4058,20158,요금:요금청구:농어촌융자금,2003-02-14,2018-08-07,전기요금 청구서 표시된 융자금이란 무엇입니까.,전기요금:전기요금 계산
188,3642,20159,요금:요금청구:요금계산/협정,2003-02-14,2018-08-07,시간대구분계기 또는 기록형전자식계기가 고장이 났는데 시간대별 사용량을 어떻게 산정합니까.,전기설비:계량기 관련
123,2473,20159,요금:요금청구:요금계산/협정,2003-02-14,2018-08-07,전기사용개시일을 연기하여 아직 전기를 사용하지 않습니다. 전기요금 적용 개시시기는 언제부터입니까.,전기요금:전기요금 계산
124,5675,20159,요금:요금청구:요금계산/협정,2003-02-14,2018-08-07,계량기가 고장났는데 이런 경우 전기요금은 어떻게 계산됩니까.,전기요금:전기요금 계산
192,10543,20159,요금:요금청구:요금계산/협정,2003-02-14,2018-08-07,당월 전기요금은 언제부터 언제까지 사용한 것입니까.,전기요금:전기요금 계산
197,2975,20159,요금:요금청구:요금계산/협정,2003-02-14,2018-08-07,저압으로 공급받고 있는 공장인데 정전이 되어 신고하니까 한전직원이 나와 계량기 소손이라 하여 직결송전하고 갔습니다. 이 경우 전기요금 계산은 어떻게 합니까.,전기요금:전기요금 계산
198,3200,20159,요금:요금청구:요금계산/협정,2003-02-14,2018-08-07,최대수요전력계 고장으로 수리를 하고자 철거를 하였습니다. 철거기간중의 기본요금은 어떻게 계산합니까.,전기요금:전기요금 계산
200,9099,20159,요금:요금청구:요금계산/협정,2003-02-14,2018-08-07,3가구가 함께 사는 주택으로 세입자인 1가구만 보조계량기를 설치하여 요금을 분배하려는데 방법을 알아보고자 합니다.,전기요금:전기요금 계산
543,444945,20159,요금:요금청구:요금계산/협정,2003-02-14,2019-07-01,전기요금은 어떤 방법으로 계산합니까.,전기요금:전기요금 계산
552,3390,20160,요금:요금청구:기타,2003-02-14,2018-08-07,태풍과 같은 자연재해로 인해 피해를 본 고객에 대한 전기요금 감면제도가 있습니까.,전기요금:전기요금 계산
536,7166,20161,요금:위약:위약신고,2003-02-14,2018-08-07,전기사용계약 위반 및 무단사용에 대한 벌금은 얼마이며 신고시 포상금은 얼마입니까.,전기사용:전기사용계약
551,62771,20162,요금:위약:계약전력초과,2003-02-14,2018-08-07,저압고객의 초과사용부가금이란 무엇입니까 .,전기요금:전기요금 계산
1433,6095,20162,요금:위약:계약전력초과,2012-03-05,2018-08-07,초과사용부가금이란 무엇인가요.,전기요금:전기요금 계산
207,31115,20166,수금:수납:납기일,2003-02-14,2017-09-15,다른 공과금은 납기일이 매월 말일인데 전기요금만 달라서 불편합니다. 납기일을 말일로 바꿀 수 있습니까.,전기요금:납부(자동이체 등)
566,6322,20166,수금:수납:납기일,2003-02-14,2017-09-15,전기요금 납기일이 지역마다 다른 이유는 무엇입니까.,전기요금:납부(자동이체 등)
560,11575,20167,수금:수납:이중/착오수납,2003-02-14,2017-09-15,착오로 전기요금을 두 번 냈는데 어떻게 해야 환불 받을 수 있습니까 .,전기요금:납부(자동이체 등)
559,31918,20168,수금:수납:수납방법,2003-02-14,2017-09-15,전기요금은 인터넷뱅킹이나 텔레뱅킹으로 납부할 수 있습니까.,전기요금:납부(자동이체 등)
205,7800,20168,수금:수납:수납방법,2003-02-14,2017-09-15,편의점에서도 전기요금 납부가 가능한가요.,전기요금:납부(자동이체 등)
1208,5893,20168,수금:수납:수납방법,2007-12-05,2017-09-15,청구서의 명의자와 납부자의 이름이 다른데 요금납부 가능합니까.,전기요금:납부(자동이체 등)
941,5303,20168,수금:수납:수납방법,2006-07-12,2017-09-15,전기요금도 현금영수증 발행이 가능합니까.,전기요금:납부(자동이체 등)
843,8956,20168,수금:수납:수납방법,2004-04-06,2017-09-15,신용카드로 20kW 초과하는 일반용이나 산업용 전기요금을 납부할 수 없는 것은 독점기업의 횡포가아닌가요.,전기요금:납부(자동이체 등)
1490,549,20168,수금:수납:수납방법,2016-03-04,2017-09-15,카카오페이 청구서 결제 후 결제를 취소하고 싶습니다.,전기요금:납부(자동이체 등)
1487,570,20168,수금:수납:수납방법,2016-03-04,2017-09-15,종이청구서 QR 요금 납부도 카카오페이로 납부 가능한가요.,전기요금:납부(자동이체 등)
558,131628,20168,수금:수납:수납방법,2003-02-14,2017-09-15,전기요금을 신용카드로 납부하려면 어떻게 해야 합니까.,전기요금:납부(자동이체 등)
572,12955,20169,수금:수납:자동이체,2003-02-14,2017-09-15,전기요금을 자동이체 하고 있는데 같은 날짜에 두번 인출된 것은 어떤 경우입니까.,전기요금:납부(자동이체 등)
129,11509,20169,수금:수납:자동이체,2003-02-14,2017-09-15,자동이체 신청을 은행에서도 하고 인터넷에서도 했는데 어떻게 되나요.,전기요금:납부(자동이체 등)
1222,3680,20169,수금:수납:자동이체,2007-12-05,2017-09-15,전기요금 자동이체시 혜택을 알고싶습니다.,전기요금:전기요금 할인
706,78727,20169,수금:수납:자동이체,2003-05-26,2017-09-15,전기요금 자동이체를 오늘 신청하면 언제부터 요금이 자동출금 되나요.,전기요금:납부(자동이체 등)
570,78882,20169,수금:수납:자동이체,2003-02-14,2017-09-15,전기요금을 자동납부 하는 계좌나 카드를 바꾸려면 어떻게 해야 합니까.,전기요금:납부(자동이체 등)
573,19233,20169,수금:수납:자동이체,2003-02-14,2017-09-15,전기요금을 자동이체하는 계좌에 잔액이 부족하면 어떻게 됩니까.,전기요금:납부(자동이체 등)
1215,7783,20169,수금:수납:자동이체,2007-12-05,2017-09-15,신용카드로 전기요금 납부하면 할인혜택 있습니까.,전기요금:전기요금 할인
571,420287,20169,수금:수납:자동이체,2003-02-14,2019-07-01,전기요금 자동이체 신청 및 해지방법을 알려주세요.,전기요금:납부(자동이체 등)
557,4121,20170,수금:수납:기타,2003-02-14,2017-09-15,미리 전기요금을 납부하고 싶은데 가능합니까.,전기요금:납부(자동이체 등)
568,26437,20173,"수금:공급정지, 연체:연체료",2003-02-14,2018-08-07,전기요금을 미납한 경우 연체료율은 몇%입니까.,전기요금:납부(자동이체 등)
209,6394,20174,"수금:공급정지, 연체:공급정지",2003-02-14,2017-01-03,전기사용계약 해지후 미납 전기요금은 채권소멸시효가 3년이라 하는데 3년이 지나면 납부하지 않아도 됩니까.,전기요금:납부(자동이체 등)
567,30836,20174,"수금:공급정지, 연체:공급정지",2003-02-14,2018-08-07,전기요금을 몇개월 미납하면 단전이 됩니까.,전기요금:납부(자동이체 등)
519,26448,20174,"수금:공급정지, 연체:공급정지",2003-02-14,2018-08-07,전기공급정지(단전)의 대상 및 기준은 무엇입니까.,전기사용:전기사용계약
213,43497,20177,TV수신료:TV수신료:부과기준,2003-02-14,2018-08-07,한전에서 TV 수신료까지 수납하는 근거가 어디에 있습니까.,기타:TV수신료
580,37653,20177,TV수신료:TV수신료:부과기준,2003-02-14,2018-08-07,가정집인데 TV수신료가 나오지 않다가 이 달에만 갑자기 부과되는 이유는 무엇입니까.,기타:TV수신료
579,34406,20177,TV수신료:TV수신료:부과기준,2003-02-14,2018-08-07,장애인인데 TV 수신료 면제를 받으려면 어떻게 해야 합니까.,기타:TV수신료
582,193032,20177,TV수신료:TV수신료:부과기준,2003-02-14,2018-08-07,TV가 잘 나오지 않아 유선방송 또는 위성방송을 시청하는데도 TV수신료를 내야 합니까.,기타:TV수신료
1258,965,20177,TV수신료:TV수신료:부과기준,2007-12-05,2018-08-07,제가 살고 있는 지역이 난시청 지역인지 확인하려면 어떻게 해야 하나요.,기타:TV수신료
1261,6672,20177,TV수신료:TV수신료:부과기준,2007-12-05,2018-08-07,TV가 있으나 시청하지 않습니다. TV수신료 내야 하나요.,기타:TV수신료
1259,2882,20177,TV수신료:TV수신료:부과기준,2007-12-05,2018-08-07,해외 출장등의 이유로 집을 오래 비워둘 예정입니다. 일시적으로 TV수신료 면제 받을 수 있나요.,기타:TV수신료
1265,5769,20177,TV수신료:TV수신료:부과기준,2007-12-05,2018-08-07,TV수신료를 면제 받고 있습니다. 차후 이사할 경우에도 면제 받으려면 어떻게 해야 하나요.,기타:TV수신료
583,53191,20177,TV수신료:TV수신료:부과기준,2003-02-14,2018-08-07,TV 수신료 부과기준 및 면제 대상에 대해 알려 주세요.,기타:TV수신료
581,100943,20178,TV수신료:TV수신료:부과정정,2003-02-14,2018-08-07,TV가 없는데 수신료가 청구됩니다.,기타:TV수신료
332,9432,20193,송배전:정전:정전안내,2003-02-14,2018-08-07,휴전과 정전은 어떻게 다릅니까.,전기설비:정전/휴전
607,22760,20194,송배전:정전:피해보상,2003-02-14,2018-08-07,"정전은 왜 발생하며, 정전으로 인해 피해를 입은 경우 보상을 해 주나요.",전기설비:정전/휴전
464,5904,20194,송배전:정전:피해보상,2003-02-14,2018-08-07,정전피해 배상과 관련된 법령 및 규정상의 내용은 .,전기설비:정전/휴전
465,5184,20194,송배전:정전:피해보상,2003-02-14,2018-08-07,정전피해에 대한 배상판정은 어떻게 합니까 .,전기설비:정전/휴전
330,10469,20194,송배전:정전:피해보상,2003-02-14,2018-08-07,전기를 사용하지 않아도 기본요금은 부과하는데 한전측 사정으로 정전되었을 경우에는 기본요금을 감액하여 줍니까.,전기설비:정전/휴전
329,8570,20195,송배전:정전:고객사유정전,2003-02-14,2018-08-07,"전기가 정전되어 한전에 신고하였더니, 정전원인이 공장을 증축하면서 부하불평형으로 전기를 사용하다가 한전소유 주상변압기가 소손되었기 때문이라고 합니다. 변압기 가액만큼 배상하여야 한다고 하는데 배상금액이 얼마나 됩니까.",전기설비:정전/휴전
261,8882,20195,송배전:정전:고객사유정전,2003-02-14,2018-08-07,한전에 정전신고를 하니 한전직원이 현장을 방문하여 점검한 후 옥내 누전차단기 불량이라고 합니다 어떻게 하면 됩니까.,전기설비:정전/휴전
608,6809,20195,송배전:정전:고객사유정전,2003-02-14,2014-12-24,휴전은 무엇때문에 시행합니까.,전기설비:정전/휴전
227,4417,20196,송배전:정전:기타,2003-02-14,2018-08-07,한전으로 부터 자가발전기를 설치하라는 권유를 받았습니다. 반드시 자가발전기를 설치하여야 합니까.,전기설비:전기공급설비
461,1679,20196,송배전:정전:기타,2003-02-14,2018-08-07,광역정전 사고에 대비한 예방대책은 .,전기설비:정전/휴전
331,3986,20196,송배전:정전:기타,2003-02-14,2018-08-07,전기를 신청한 지 한참 지났는데 송전이 되지 않아 알아보니 휴전때문이라는데 휴전을 앞당겨 전기를 빨리 공급해 줄 수는 없습니까.,전기설비:정전/휴전
602,7664,20197,송배전:전기품질:전압이상,2003-02-14,2018-08-07,갑자기 높은 전압이 들어와 전기제품이 소손되었는데 누구한테 보상받아야 합니까.,전기설비:전기공급설비
215,2328,20198,송배전:전기품질:고객설비이상,2003-02-14,2018-08-07,지하실이 협소하여 옥상에 수전실을 시설하고 주위에 울타리를 설치하였습니다. 변압기와 울타리는 어느 정도 이격 거리를 유지해야 하는지요.,전기설비:전기공급설비
225,2172,20198,송배전:전기품질:고객설비이상,2003-02-14,2018-08-08,가내공업을 하고 있습니다. 소용량 모터를 카바나이프 스위치로 조작하고 있습니다. 괜찮을까요.,전기설비:전기공급설비
599,23765,20198,송배전:전기품질:고객설비이상,2003-02-14,2018-08-07,전기 누전 점검을 하려면 어떻게 해야합니까.,전기설비:전기공급설비
598,12872,20198,송배전:전기품질:고객설비이상,2003-02-14,2018-08-07,"누전차단기란 무엇이며, 시설 및 고장수리는 누가 합니까.",전기설비:전기공급설비
590,4027,20198,송배전:전기품질:고객설비이상,2003-02-14,2018-08-07,전기시설에 대한 이상유무를 점검하고 싶은데 어떻게 하면 됩니까.,전기설비:전기공급설비
257,2285,20198,송배전:전기품질:고객설비이상,2003-02-14,2018-08-07,콘덴서를 종합적으로 부설하여도 됩니까.,전기설비:전기공급설비
132,2695,20198,송배전:전기품질:고객설비이상,2003-02-14,2017-10-11,옥내설비가 불량하다고 한국전기안전공사로부터 통보를 받았는데 어떻게 하면 됩니까.,전기설비:전기공급설비
256,3971,20198,송배전:전기품질:고객설비이상,2003-02-14,2018-08-07,콘덴서는 왜 부설해야 합니까.,전기설비:전기공급설비
259,8395,20198,송배전:전기품질:고객설비이상,2003-02-14,2018-08-07,누전차단기는 꼭 누전이 될 때만 동작을 합니까.,전기설비:전기공급설비
260,6011,20198,송배전:전기품질:고객설비이상,2003-02-14,2018-08-07,누전차단기 사용요령과 고장인지 알아보는 방법을 알고 싶습니다.,전기설비:전기공급설비
258,6849,20198,송배전:전기품질:고객설비이상,2003-02-14,2014-12-22,"콘센트나 소켓트, 또는 옥내배선 1회로에 사용할 수 있는 용량한도는 얼마입니까.",전기설비:전기공급설비
249,2232,20198,송배전:전기품질:고객설비이상,2003-02-14,2018-08-07,보통 가정에서 사용하는 휴즈의 규격은 얼마가 적당합니까.,전기설비:전기공급설비
285,4453,20199,송배전:전기품질:위해설비,2003-02-14,2018-08-07,우리집 앞에 설치되어 있는 전주의 변압기에서 소음이 크게 나는데 이상이 있는 것 아닙니까.,전기설비:전기공급설비
134,3785,20199,송배전:전기품질:위해설비,2003-02-14,2018-08-07,나무가 커서 전력선에 닿으려고 하는데 어떻게 해야 합니까.,전기설비:전기공급설비
286,2445,20199,송배전:전기품질:위해설비,2003-02-14,2018-08-07,TV 안테나를 설치할려고 하는데 전선과 닿을 것 같습니다. 어떻게 하면 됩니까.,전기설비:전기공급설비
609,51626,20202,송배전:지장전주이설:이설요구/기준,2003-02-14,2018-08-07,"지장배전선로(전주, 전선)의 이설 신청 절차와 이설비용 부담에 대해 알려주십시오.",기타:지장전주이설
291,4543,20202,송배전:지장전주이설:이설요구/기준,2003-02-14,2018-08-07,비좁은 도로상에 전주가 위치하고 있어 등·하교길 어린이의 통행에 지장을 줌은 물론 교통사고의 위험이 있어 이설을 요청할 경우 신청방법과 비용관계에 대해서 말씀해 주시기 바랍니다.,기타:지장전주이설
292,30890,20202,송배전:지장전주이설:이설요구/기준,2003-02-14,2017-10-11,땅 한가운데 전주가 있어 집을 짓는데 어려움이 많습니다. 옮기는 절차와 비용 관계는 어떻게 됩니까.,기타:지장전주이설
290,2560,20202,송배전:지장전주이설:이설요구/기준,2003-02-14,2014-12-24,건축허가서 첨부가 불가능한 지역의 지장배전선로 이설에 대한 업무처리 방법은.,기타:지장전주이설
300,2943,20203,송배전:지장전주이설:공사비청구/수납,2003-02-14,2018-08-07,건물과 법정이격거리는 확보되지만 간판설치 등으로 안전사고가 우려되어 배전선로 이설을 요청하면 이설비용 부담은 누가 합니까.,기타:지장전주이설
295,2280,20203,송배전:지장전주이설:공사비청구/수납,2003-02-14,2018-08-07,택지개발촉진법에 의거 승인된 택지개발 사업지구내 지장배전선로 이설비용은 누가 부담합니까.,기타:지장전주이설
294,17284,20203,송배전:지장전주이설:공사비청구/수납,2003-02-14,2018-08-07,개인의 소유지에 있는 전주를 옮기는데도 이설비용을 개인에게 부담시키는 이유가 무엇입니까.,기타:지장전주이설
302,3976,20203,송배전:지장전주이설:공사비청구/수납,2003-02-14,2018-08-07,건물을 증축하고 있는데 한전 직원이 배전선로와의 측방이격거리 미달로 전선을 이설한 후에 건물증축공사를 하여야 한다고 하면서 위해통지서를 발부하였습니다. 이 경우 이설비용은 누가 부담합니까.,기타:지장전주이설
305,3302,20203,송배전:지장전주이설:공사비청구/수납,2003-02-14,2018-08-07,건조물 신·증축을 위한 토지형질 변경공사에 지장이 되는 전선로의 이설비용은 누가 부담합니까.,기타:지장전주이설
296,954,20203,송배전:지장전주이설:공사비청구/수납,2003-02-14,2018-08-07,토지구획정리 사업지구내의 토지 소유자가 건축허가서를 첨부하여 지장배전선로를 이설 요청시 이설비용은 누가 부담합니까.,기타:지장전주이설
293,4072,20203,송배전:지장전주이설:공사비청구/수납,2003-02-14,2018-08-07,사유지내를 통과한 전선로가 건조물 신·증축에는 직접 지장이 되지 않으나 건조물 신·증축을 위한 대지의 지형변경(축대건조)으로 인해 전선로의 지상고가 미달케 되는 경우의 이설비용은 누가 부담합니까.,기타:지장전주이설
297,8650,20203,송배전:지장전주이설:공사비청구/수납,2003-02-14,2018-08-07,논둑에 설치된 전주 때문에 트랙터가 들어갈 수 없어 이설요청을 하면 이설비는 누가 부담합니까.,기타:지장전주이설
298,3042,20203,송배전:지장전주이설:공사비청구/수납,2003-02-14,2018-08-07,개설된 도로에 설치된 배전선로가 도로공사에 지장이 되는 경우 이설비용은 어디서 부담합니까.,기타:지장전주이설
303,6608,20203,송배전:지장전주이설:공사비청구/수납,2003-02-14,2018-08-07,사유지와 도로경계선에 설치된 전주가 아파트건물 신축 등으로 지장이 되어 이설할 경우의 이설비용은 누가 부담합니까.,기타:지장전주이설
284,3055,20206,송배전:배전설비:지중화,2003-02-14,2014-12-24,전선이 시내 곳곳에 펼쳐져 있어 미관상 좋지 않은데 땅 밑으로 시설할 수 없을까요.,전기설비:전기공급설비
218,11427,20208,송배전:배전설비:전기공사,2003-02-14,2014-12-24,배선용차단기(N.F.B)는 무엇이며 어디에 사용합니까.,전기설비:전기공급설비
219,2402,20208,송배전:배전설비:전기공사,2003-02-14,2014-12-24,전기공사에 사용하는 자재는 어떤것을 사용해야 됩니까.,전기설비:전기공급설비
239,2767,20208,송배전:배전설비:전기공사,2003-02-14,2018-08-07,한전 배전선로 운영상 기존공급설비의 보강공사는 고객부담시설부담금에서 제외된다는데 기존 공급설비보강이란 어떤 경우를 말합니까.,전기설비:전기공급설비
265,4758,20208,송배전:배전설비:전기공사,2003-02-14,2018-08-07,전기기기의 접지를 해야 하는 이유는 무엇인지요.,전기설비:전기공급설비
269,4896,20208,송배전:배전설비:전기공사,2003-02-14,2018-08-07,접지공사의 접지저항치는 얼마나 유지하여야 합니까.,전기설비:전기공급설비
252,19053,20208,송배전:배전설비:전기공사,2003-02-14,2018-08-07,옥내배선의 굵기는 얼마로 하여야 하는지요.,전기설비:전기공급설비
254,4579,20208,송배전:배전설비:전기공사,2003-02-14,2013-07-08,"절연저항이란 무엇이며, 옥내절연저항치는 얼마 이상 유지해야 합니까.",전기설비:전기공급설비
266,15156,20208,송배전:배전설비:전기공사,2003-02-14,2014-12-24,접지공사별 접지선의 굵기를 알려주세요.,전기설비:전기공급설비
268,4148,20208,송배전:배전설비:전기공사,2003-02-14,2014-12-24,전주위에서 땅속으로 들어간 접지선은 접촉해도 위험하지 않습니까.,전기설비:전기공급설비
280,4019,20208,송배전:배전설비:전기공사,2003-02-14,2014-12-24,현재 고압 이상의 공급전압중 변압기 결선방법에 따라 △ 또는 Y 공급선로로 구분되는 것으로 알고 있는데 공급전압별 결선방식은 어떻습니까.,전기설비:전기공급설비
283,3522,20213,송배전:배전설비:기타,2003-02-14,2018-08-07,전선과 전선로는 어떻게 다릅니까.,전기설비:전기공급설비
611,4069,20214,송배전:송변전설비:전자파,2003-02-14,2017-10-17,전자파가 어떻게 인체에 영향을 미칠수 있습니까.,전기설비:전기공급설비
459,5175,20214,송배전:송변전설비:전자파,2003-02-14,2017-10-17,송변전설비에서 발생되는 전자파의 유해 논란에 대한 현황 및 대책은 .,전기설비:전기공급설비
216,2647,20215,송배전:송변전설비:송전탑,2003-02-14,2013-07-09,송전선로란 무엇을 하는 것입니까.,전기설비:전기공급설비
413,3522,20215,송배전:송변전설비:송전탑,2003-02-14,2013-07-08,송전선로 아래에서 안전하게 작업할 수 있는 거리는 어느 정도입니까.,전기설비:전기공급설비
349,3800,20216,송배전:송변전설비:변전소,2003-02-14,2013-07-08,변전소는 무엇이며 무슨 기능을 하는 곳입니까.,전기설비:전기공급설비
1061,124304,20224,시스템:대외시스템:사이버지점,2006-10-12,2017-01-03,사이버지점에서 나의 고객번호를 등록하여 관리하는 방법이 있습니까.,사이버지점:사이버지점 이용
612,50113,20224,시스템:대외시스템:사이버지점,2003-02-14,2017-01-03,민원서식을 다운받고 싶습니다.,사이버지점:사이버지점 이용
1274,2353,20224,시스템:대외시스템:사이버지점,2007-12-05,2017-01-03,내가 살고 있는 지역을 관할하는 사업소 위치 및 연락처를 알고 싶습니다.,사이버지점:사이버지점 이용
1472,1583,20224,시스템:대외시스템:사이버지점,2014-12-11,2017-12-04,아이디나 비밀번호를 잊어버렸는데 어떻게 해야하나요.,사이버지점:사이버지점 이용
1288,1677,20224,시스템:대외시스템:사이버지점,2007-12-05,2017-01-03,민원 신청 현황은 어디에서 확인할 수 있나요.,사이버지점:사이버지점 이용
702,58782,20224,시스템:대외시스템:사이버지점,2003-05-26,2017-09-11,사이버지점의 전기요금 조회서비스는 어떻게 이용하나요.,사이버지점:사이버지점 이용
1246,1989,20224,시스템:대외시스템:사이버지점,2007-12-05,2017-01-03,전기공급약관을 보고 싶습니다.,사이버지점:사이버지점 이용
1468,4054,20224,시스템:대외시스템:사이버지점,2013-06-28,2017-01-03,법인회원으로 가입하는 방법을 알려주세요.,사이버지점:사이버지점 이용
1469,2880,20224,시스템:대외시스템:사이버지점,2013-06-28,2017-01-03,전기요금을 미리 계산해 볼 수 있나요.,사이버지점:사이버지점 이용
1470,6323,20224,시스템:대외시스템:사이버지점,2013-06-28,2017-01-03,아파트 관리사무소입니다. 종합계약과 단일계약을 비교해보고 싶습니다.,사이버지점:사이버지점 이용
1400,57288,20224,시스템:대외시스템:사이버지점,2009-12-22,2017-01-03,"고객번호란 무엇이고, 어떻게 확인할 수 있나요.",사이버지점:사이버지점 이용
